{
	"credit": "Made with Blockbench",
	"textures": {
		"0": "custom/posoup",
		"particle": "custom/posoup"
	},
	"elements": [
		{
			"from": [6, 0, 0],
			"to": [10, 8, 1],
			"faces": {
				"north": {"uv": [6, 7, 10, 15], "texture": "#0"},
				"east": {"uv": [9, 7, 10, 15], "texture": "#0"},
				"south": {"uv": [6, 7, 10, 15], "texture": "#0"},
				"west": {"uv": [6, 7, 7, 15], "texture": "#0"},
				"up": {"uv": [6, 7, 10, 8], "texture": "#0"},
				"down": {"uv": [6, 14, 10, 15], "texture": "#0"}
			}
		},
		{
			"from": [5, 1, 0],
			"to": [6, 8, 1],
			"faces": {
				"north": {"uv": [10, 7, 11, 14], "texture": "#0"},
				"east": {"uv": [0, 0, 1, 7], "texture": "#0"},
				"south": {"uv": [10, 7, 11, 14], "texture": "#0"},
				"west": {"uv": [10, 7, 11, 14], "texture": "#0"},
				"up": {"uv": [10, 7, 11, 8], "texture": "#0"},
				"down": {"uv": [10, 13, 11, 14], "texture": "#0"}
			}
		},
		{
			"from": [10, 1, 0],
			"to": [11, 8, 1],
			"faces": {
				"north": {"uv": [5, 7, 6, 14], "texture": "#0"},
				"east": {"uv": [5, 7, 6, 14], "texture": "#0"},
				"south": {"uv": [10, 7, 11, 14], "texture": "#0"},
				"west": {"uv": [0, 0, 1, 7], "texture": "#0"},
				"up": {"uv": [5, 7, 6, 8], "texture": "#0"},
				"down": {"uv": [5, 13, 6, 14], "texture": "#0"}
			}
		},
		{
			"from": [4, 1, 0],
			"to": [5, 7, 1],
			"faces": {
				"north": {"uv": [11, 8, 12, 14], "texture": "#0"},
				"east": {"uv": [0, 0, 1, 6], "texture": "#0"},
				"south": {"uv": [11, 8, 12, 14], "texture": "#0"},
				"west": {"uv": [11, 8, 12, 14], "texture": "#0"},
				"up": {"uv": [11, 8, 12, 9], "texture": "#0"},
				"down": {"uv": [12, 12, 13, 13], "texture": "#0"}
			}
		},
		{
			"from": [3, 2, 0],
			"to": [4, 7, 1],
			"faces": {
				"north": {"uv": [12, 8, 13, 13], "texture": "#0"},
				"east": {"uv": [0, 0, 1, 5], "texture": "#0"},
				"south": {"uv": [12, 8, 13, 13], "texture": "#0"},
				"west": {"uv": [12, 8, 13, 13], "texture": "#0"},
				"up": {"uv": [12, 8, 13, 9], "texture": "#0"},
				"down": {"uv": [12, 12, 13, 13], "texture": "#0"}
			}
		},
		{
			"from": [12, 2, 0],
			"to": [13, 7, 1],
			"faces": {
				"north": {"uv": [3, 8, 4, 13], "texture": "#0"},
				"east": {"uv": [3, 8, 4, 13], "texture": "#0"},
				"south": {"uv": [3, 8, 4, 13], "texture": "#0"},
				"west": {"uv": [0, 0, 1, 5], "texture": "#0"},
				"up": {"uv": [3, 8, 4, 9], "texture": "#0"},
				"down": {"uv": [3, 12, 4, 13], "texture": "#0"}
			}
		},
		{
			"from": [13, 3, 0],
			"to": [14, 6, 1],
			"faces": {
				"north": {"uv": [2, 9, 3, 12], "texture": "#0"},
				"east": {"uv": [2, 9, 3, 12], "texture": "#0"},
				"south": {"uv": [2, 9, 3, 12], "texture": "#0"},
				"west": {"uv": [2, 9, 3, 12], "texture": "#0"},
				"up": {"uv": [2, 9, 3, 10], "texture": "#0"},
				"down": {"uv": [2, 11, 3, 12], "texture": "#0"}
			}
		},
		{
			"from": [2, 3, 0],
			"to": [3, 6, 1],
			"faces": {
				"north": {"uv": [13, 9, 14, 12], "texture": "#0"},
				"east": {"uv": [13, 9, 14, 12], "texture": "#0"},
				"south": {"uv": [13, 9, 14, 12], "texture": "#0"},
				"west": {"uv": [2, 9, 3, 12], "texture": "#0"},
				"up": {"uv": [13, 9, 14, 10], "texture": "#0"},
				"down": {"uv": [13, 11, 14, 12], "texture": "#0"}
			}
		},
		{
			"from": [11, 1, 0],
			"to": [12, 7, 1],
			"faces": {
				"north": {"uv": [4, 8, 5, 14], "texture": "#0"},
				"east": {"uv": [4, 8, 5, 14], "texture": "#0"},
				"south": {"uv": [4, 8, 5, 14], "texture": "#0"},
				"west": {"uv": [0, 0, 1, 6], "texture": "#0"},
				"up": {"uv": [4, 8, 5, 9], "texture": "#0"},
				"down": {"uv": [4, 13, 5, 14], "texture": "#0"}
			}
		}
	],
	"display": {
		"thirdperson_righthand": {
			"translation": [1, 5.5, 7.75]
		},
		"thirdperson_lefthand": {
			"translation": [1, 5.5, 7.75]
		},
		"firstperson_righthand": {
			"translation": [9.5, 1.5, 0]
		},
		"firstperson_lefthand": {
			"translation": [9.5, 1.5, 0]
		},
		"ground": {
			"translation": [-0.75, 5, 7.75]
		},
		"gui": {
			"translation": [0, 3, 0]
		},
		"head": {
			"translation": [0, -4.5, 0]
		},
		"fixed": {
			"translation": [-0.5, 4.25, 7.5]
		}
	}
}